reach_id,time,time_tai,time_str,p_lat,p_lon,wse,wse_u,wse_r_u,slope,slope_u,slope_r_u,slope2,slope2_u,slope2_r_u,width,width_u,area_total,area_tot_u,area_detct,area_det_u,area_wse,layovr_val,node_dist,xtrk_dist,reach_q,reach_q_b,dark_frac,xovr_cal_q,cycle_id,pass_id,sword_version,p_dist_out,partial_f,n_good_nod,time_units,time_tai_units,p_lat_units,p_lon_units,wse_units,wse_u_units,wse_r_u_units,slope_units,slope_u_units,slope_r_u_units,slope2_units,slope2_u_units,slope2_r_u_units,width_units,width_u_units,area_total_units,area_tot_u_units,area_detct_units,area_det_u_units,area_wse_units,layovr_val_units,node_dist_units,xtrk_dist_units,dark_frac_units,p_dist_out_units,n_good_nod_units
91270800031,769807611.272,769807648.272,2024-05-23T19:26:51Z,67.02622929,-50.5854346,37.1611,0.54209,0.53457,0.00799732019,4.943658e-05,4.934547e-05,0.00856849841,-999999999999.0,0.02225592457,179.374401,1.921504,1359115.9,14559.1976,1355002.1,14559.2,1359115.9,5.2928,301.304702,-16946.88477,2,524298,0.003027,0,15,434,16,35377.076,0,24,seconds since 2000-01-01 00:00:00.000,seconds since 2000-01-01 00:00:00.000,degrees_north,degrees_east,m,m,m,m/m,m/m,m/m,m/m,m/m,m/m,m,m,m^2,m^2,m^2,m^2,m^2,m,m,m,1,m,1
91270800031,770208216.707,770208253.707,2024-05-28T10:43:36Z,67.02622929,-50.5854346,35.7545,0.55259,0.54521,0.00623467477,6.076598e-05,6.069188e-05,0.00649906934,-999999999999.0,0.00410388383,31.813049,0.578199,241170.0,4383.2395,230259.4,4383.2,241170.0,28.8639,48.6422169,-57457.5293,2,524302,0.04524,0,15,563,16,35377.076,0,26,seconds since 2000-01-01 00:00:00.000,seconds since 2000-01-01 00:00:00.000,degrees_north,degrees_east,m,m,m,m/m,m/m,m/m,m/m,m/m,m/m,m,m,m^2,m^2,m^2,m^2,m^2,m,m,m,1,m,1
91270800031,770294657.832,770294694.832,2024-05-29T10:44:17Z,67.02622929,-50.5854346,34.9826,0.29985,0.28602,0.00607842819,1.577544e-05,1.548756e-05,0.00668888211,-999999999999.0,0.0022151414,68.844182,1.003534,575846.8,8394.052,561723.5,8394.1,575846.8,8.7345,41.000719,34669.86914,2,524302,0.024526,0,16,7,16,35377.076,0,33,seconds since 2000-01-01 00:00:00.000,seconds since 2000-01-01 00:00:00.000,degrees_north,degrees_east,m,m,m,m/m,m/m,m/m,m/m,m/m,m/m,m,m,m^2,m^2,m^2,m^2,m^2,m,m,m,1,m,1
91270800031,770665749.496,770665786.496,2024-06-02T17:49:09Z,67.02622929,-50.5854346,45.958,0.50719,0.49914,0.00417754483,4.813649e-05,4.804292e-05,0.00531521717,-999999999999.0,0.00399315533,35.800885,0.753415,263080.9,5536.4309,250212.6,5536.4,263080.9,11.8664,40.8217783,28573.71484,2,524290,0.048914,0,16,128,16,35377.076,0,23,seconds since 2000-01-01 00:00:00.000,seconds since 2000-01-01 00:00:00.000,degrees_north,degrees_east,m,m,m,m/m,m/m,m/m,m/m,m/m,m/m,m,m,m^2,m^2,m^2,m^2,m^2,m,m,m,1,m,1
91270800031,771610317.705,771610354.705,2024-06-13T16:11:57Z,67.02622929,-50.5854346,37.5054,0.47876,0.47023,0.00868679023,8.170154e-05,8.164644e-05,0.00856607097,-999999999999.0,0.0190024839,213.212888,1.58801,1740247.6,12961.3664,1727698.9,12961.4,1740247.6,8.8331,192.3807522,-17604.53711,2,524298,0.007211,0,16,434,16,35377.076,0,28,seconds since 2000-01-01 00:00:00.000,seconds since 2000-01-01 00:00:00.000,degrees_north,degrees_east,m,m,m,m/m,m/m,m/m,m/m,m/m,m/m,m,m,m^2,m^2,m^2,m^2,m^2,m,m,m,1,m,1
91270800031,772097363.017,772097400.017,2024-06-19T07:29:23Z,67.02622929,-50.5854346,34.9907,0.10386,0.05183,0.00612196979,4.734774e-05,4.725261e-05,0.00694991599,-999999999999.0,8.931631e-05,82.46148,0.784501,672787.4,6400.5894,664728.5,6400.6,672787.4,10.3855,36.7091172,34973.30469,2,524302,0.011978,0,17,7,16,35377.076,0,38,seconds since 2000-01-01 00:00:00.000,seconds since 2000-01-01 00:00:00.000,degrees_north,degrees_east,m,m,m,m/m,m/m,m/m,m/m,m/m,m/m,m,m,m^2,m^2,m^2,m^2,m^2,m,m,m,1,m,1
91270800031,772468453.411,772468490.411,2024-06-23T14:34:13Z,67.02622929,-50.5854346,35.8984,0.33006,0.31755,0.00617813997,7.490651e-05,7.484641e-05,0.00723145694,-999999999999.0,0.00422475268,93.879927,1.052599,692079.3,7759.7221,681565.3,7759.7,692079.3,4.739,37.5552345,28935.90625,2,524298,0.015192,0,17,128,16,35377.076,0,27,seconds since 2000-01-01 00:00:00.000,seconds since 2000-01-01 00:00:00.000,degrees_north,degrees_east,m,m,m,m/m,m/m,m/m,m/m,m/m,m/m,m,m,m^2,m^2,m^2,m^2,m^2,m,m,m,1,m,1
91270800031,773900066.01,773900103.01,2024-07-10T04:14:26Z,67.02622929,-50.5854346,45.6141,2.64174,2.6402,0.00598085922,9.67337e-06,9.19642e-06,0.00659874151,-999999999999.0,0.1595157194,46.920376,0.641552,316499.3,4327.562,312932.8,4327.6,316499.3,5.8569,33.9360885,34346.25195,2,524302,0.011269,0,18,7,16,35377.076,0,22,seconds since 2000-01-01 00:00:00.000,seconds since 2000-01-01 00:00:00.000,degrees_north,degrees_east,m,m,m,m/m,m/m,m/m,m/m,m/m,m/m,m,m,m^2,m^2,m^2,m^2,m^2,m,m,m,1,m,1
91270800031,774271157.301,774271194.301,2024-07-14T11:19:17Z,67.02622929,-50.5854346,48.2135,1.40405,1.40117,0.00592749263,8.46146e-06,7.91179e-06,0.00494595992,-999999999999.0,0.11699145821,107.793757,1.107562,641491.2,6591.2074,626174.0,6591.2,641491.2,5.6232,65.693615,29346.72656,2,524298,0.023877,0,18,128,16,35377.076,0,23,seconds since 2000-01-01 00:00:00.000,seconds since 2000-01-01 00:00:00.000,degrees_north,degrees_east,m,m,m,m/m,m/m,m/m,m/m,m/m,m/m,m,m,m^2,m^2,m^2,m^2,m^2,m,m,m,1,m,1
91270800031,775702770.903,775702807.903,2024-07-31T00:59:30Z,67.02622929,-50.5854346,35.2806,1.11508,1.11145,0.00598137965,9.92299e-06,9.45863e-06,0.00687197503,-999999999999.0,0.02548181475,46.016149,0.595432,337711.8,4369.8672,334130.0,4369.9,337711.8,8.6853,52.1636669,35009.84375,2,524302,0.010606,0,19,7,16,35377.076,0,28,seconds since 2000-01-01 00:00:00.000,seconds since 2000-01-01 00:00:00.000,degrees_north,degrees_east,m,m,m,m/m,m/m,m/m,m/m,m/m,m/m,m,m,m^2,m^2,m^2,m^2,m^2,m,m,m,1,m,1
91270800031,776560907.787,776560944.787,2024-08-09T23:21:47Z,67.02622929,-50.5854346,80.6689,0.84319,0.83838,0.00173422664,9.714819e-05,9.710186e-05,0.00449886646,-999999999999.0,0.12134449905,367.333901,2.386753,2571341.1,16707.2959,2544244.7,16707.3,2571341.1,7.366,261.3762395,-12313.5459,2,524298,0.010538,0,19,285,16,35377.076,0,24,seconds since 2000-01-01 00:00:00.000,seconds since 2000-01-01 00:00:00.000,degrees_north,degrees_east,m,m,m,m/m,m/m,m/m,m/m,m/m,m/m,m,m,m^2,m^2,m^2,m^2,m^2,m,m,m,1,m,1
91270800031,777018430.795,777018467.795,2024-08-15T06:27:10Z,67.02622929,-50.5854346,37.169,0.38274,0.372,0.00809806006,4.192141e-05,4.181393e-05,0.00826827653,-999999999999.0,0.00767654102,137.576127,1.340713,1122519.1,10939.2213,1117370.3,10939.2,1122519.1,7.3384,127.1292358,-17803.42188,2,524298,0.004587,0,19,434,16,35377.076,0,28,seconds since 2000-01-01 00:00:00.000,seconds since 2000-01-01 00:00:00.000,degrees_north,degrees_east,m,m,m,m/m,m/m,m/m,m/m,m/m,m/m,m,m,m^2,m^2,m^2,m^2,m^2,m,m,m,1,m,1
91270800031,779221740.488,779221777.488,2024-09-09T18:29:00Z,67.02622929,-50.5854346,35.3802,0.67807,0.67207,0.0082322275,5.380274e-05,5.371903e-05,0.00680816678,-999999999999.0,0.00832517801,39.083629,0.528308,272645.5,3685.4501,263942.7,3685.5,272645.5,13.7161,106.5480374,-58124.37891,2,524302,0.03192,0,20,563,16,35377.076,0,25,seconds since 2000-01-01 00:00:00.000,seconds since 2000-01-01 00:00:00.000,degrees_north,degrees_east,m,m,m,m/m,m/m,m/m,m/m,m/m,m/m,m,m,m^2,m^2,m^2,m^2,m^2,m,m,m,1,m,1
91270800031,779308181.235,779308218.235,2024-09-10T18:29:41Z,67.02622929,-50.5854346,36.2193,0.33834,0.32615,0.0059880827,9.75087e-06,9.2779e-06,0.00651023614,-999999999999.0,0.00123500738,29.518119,0.477616,246904.1,3995.0198,243510.3,3995.0,246904.1,8.8056,32.2879342,35384.75781,2,524290,0.013746,0,21,7,16,35377.076,0,31,seconds since 2000-01-01 00:00:00.000,seconds since 2000-01-01 00:00:00.000,degrees_north,degrees_east,m,m,m,m/m,m/m,m/m,m/m,m/m,m/m,m,m,m^2,m^2,m^2,m^2,m^2,m,m,m,1,m,1
91270800031,779679271.64,779679308.64,2024-09-15T01:34:31Z,67.02622929,-50.5854346,42.6218,2.17509,2.17323,0.00648042661,6.94132e-06,6.25955e-06,0.00737357492,-999999999999.0,0.10749655081,46.756352,0.913286,315991.7,6172.2272,306488.4,6172.2,315991.7,3.2915,35.1973236,28484.04004,2,524290,0.030074,1,21,128,16,35377.076,0,23,seconds since 2000-01-01 00:00:00.000,seconds since 2000-01-01 00:00:00.000,degrees_north,degrees_east,m,m,m,m/m,m/m,m/m,m/m,m/m,m/m,m,m,m^2,m^2,m^2,m^2,m^2,m,m,m,1,m,1
91270800041,768004906.364,768004943.364,2024-05-02T22:41:46Z,67.04917937,-50.4276569,119.8382,0.2729,0.25763,0.00803655735,1.010196e-05,9.64622e-06,0.00774712559,-999999999999.0,0.00685559205,263.368983,1.91424,2209354.2,16058.2065,2195305.9,16058.2,2209354.2,2.4891,129.3999212,-23179.4043,2,524298,0.006359,0,14,434,16,43796.487,0,33,seconds since 2000-01-01 00:00:00.000,seconds since 2000-01-01 00:00:00.000,degrees_north,degrees_east,m,m,m,m/m,m/m,m/m,m/m,m/m,m/m,m,m,m^2,m^2,m^2,m^2,m^2,m,m,m,1,m,1
91270800041,768405520.328,768405557.328,2024-05-07T13:58:40Z,67.04917937,-50.4276569,132.7237,2.95576,2.95439,0.00607201237,0.00049567385,0.00049566477,0.00471255107,-999999999999.0,0.57957665558,144.510799,1.21959,1034676.1,8732.0846,1029113.1,8732.1,1034676.1,4.2572,289.7783225,-52459.98242,2,524298,0.005377,2,14,563,16,43796.487,0,21,seconds since 2000-01-01 00:00:00.000,seconds since 2000-01-01 00:00:00.000,degrees_north,degrees_east,m,m,m,m/m,m/m,m/m,m/m,m/m,m/m,m,m,m^2,m^2,m^2,m^2,m^2,m,m,m,1,m,1
91270800041,768491952.868,768491989.868,2024-05-08T13:59:12Z,67.04917937,-50.4276569,104.6776,0.42115,0.41142,0.0087309232,1.672951e-05,1.645833e-05,0.00862388385,-999999999999.0,0.01282936589,193.265688,1.283823,1621270.4,10769.7578,1610922.4,10769.8,1621270.4,9.7602,106.8194117,38962.76953,2,524302,0.006383,0,15,7,16,43796.487,0,32,seconds since 2000-01-01 00:00:00.000,seconds since 2000-01-01 00:00:00.000,degrees_north,degrees_east,m,m,m,m/m,m/m,m/m,m/m,m/m,m/m,m,m,m^2,m^2,m^2,m^2,m^2,m,m,m,1,m,1
91270800041,769807611.3,769807648.3,2024-05-23T19:26:51Z,67.04917937,-50.4276569,130.1385,0.35501,0.34341,0.01104139179,1.012469e-05,9.67002e-06,0.0119545821,-999999999999.0,0.0093120688,201.347022,1.710637,1689063.3,14350.2204,1676340.7,14350.2,1689063.3,4.9598,114.2895982,-23643.60742,2,524298,0.007532,0,15,434,16,43796.487,0,30,seconds since 2000-01-01 00:00:00.000,seconds since 2000-01-01 00:00:00.000,degrees_north,degrees_east,m,m,m,m/m,m/m,m/m,m/m,m/m,m/m,m,m,m^2,m^2,m^2,m^2,m^2,m,m,m,1,m,1
91270800041,770208225.339,770208262.339,2024-05-28T10:43:45Z,67.04917937,-50.4276569,107.7106,0.77646,0.77122,0.01085741508,0.00018443671,0.00018441231,0.01001455432,-999999999999.0,0.01616878404,66.075434,2.660032,528371.8,21270.9292,515588.1,21270.9,528371.8,35.0586,58.8201788,-52502.69727,2,524302,0.024195,0,15,563,16,43796.487,0,28,seconds since 2000-01-01 00:00:00.000,seconds since 2000-01-01 00:00:00.000,degrees_north,degrees_east,m,m,m,m/m,m/m,m/m,m/m,m/m,m/m,m,m,m^2,m^2,m^2,m^2,m^2,m,m,m,1,m,1
91270800041,770294657.963,770294694.963,2024-05-29T10:44:17Z,67.04917937,-50.4276569,103.3177,0.25686,0.24057,0.00648583852,4.003215e-05,3.991958e-05,0.00752699685,-999999999999.0,0.00361991893,159.488028,1.187803,1337915.9,9964.2634,1331877.3,9964.3,1337915.9,11.8886,76.9146796,39078.69727,2,524302,0.004513,0,16,7,16,43796.487,0,33,seconds since 2000-01-01 00:00:00.000,seconds since 2000-01-01 00:00:00.000,degrees_north,degrees_east,m,m,m,m/m,m/m,m/m,m/m,m/m,m/m,m,m,m^2,m^2,m^2,m^2,m^2,m,m,m,1,m,1
91270800041,770665749.531,770665786.531,2024-06-02T17:49:09Z,67.04917937,-50.4276569,124.4488,0.2197,0.20042,0.00845000882,3.958452e-05,3.947068e-05,0.00511816159,-999999999999.0,0.00300435316,190.726695,1.895338,1599971.3,15899.6416,1587758.4,15899.6,1599971.3,2.0565,126.1553179,20777.41602,2,524298,0.007633,0,16,128,16,43796.487,0,32,seconds since 2000-01-01 00:00:00.000,seconds since 2000-01-01 00:00:00.000,degrees_north,degrees_east,m,m,m,m/m,m/m,m/m,m/m,m/m,m/m,m,m,m^2,m^2,m^2,m^2,m^2,m,m,m,1,m,1
91270800041,771610317.737,771610354.737,2024-06-13T16:11:57Z,67.04917937,-50.4276569,130.1754,0.83205,0.82717,0.00690341423,9.845877e-05,9.841306e-05,0.0038257608,-999999999999.0,0.05905597231,220.08961,1.736501,1846291.4,14567.1892,1824808.6,14567.2,1846291.4,1.4595,221.9128154,-24501.1123,2,524298,0.011636,0,16,434,16,43796.487,0,27,seconds since 2000-01-01 00:00:00.000,seconds since 2000-01-01 00:00:00.000,degrees_north,degrees_east,m,m,m,m/m,m/m,m/m,m/m,m/m,m/m,m,m,m^2,m^2,m^2,m^2,m^2,m,m,m,1,m,1
91270800041,772010930.851,772010967.851,2024-06-18T07:28:50Z,67.04917937,-50.4276569,103.4523,0.11196,0.06659,0.00671141537,1.360444e-05,1.326955e-05,0.00651609563,-999999999999.0,0.00034278184,197.110484,1.132371,1653523.7,9499.2495,1649172.6,9499.2,1653523.7,31.3328,67.0387237,-52216.98633,2,524302,0.002631,0,16,563,16,43796.487,0,38,seconds since 2000-01-01 00:00:00.000,seconds since 2000-01-01 00:00:00.000,degrees_north,degrees_east,m,m,m,m/m,m/m,m/m,m/m,m/m,m/m,m,m,m^2,m^2,m^2,m^2,m^2,m,m,m,1,m,1
91270800041,772097363.147,772097400.147,2024-06-19T07:29:23Z,67.04917937,-50.4276569,103.3827,0.10708,0.05802,0.00660934257,1.101955e-05,1.060333e-05,0.00663568543,-999999999999.0,0.00018521799,140.302577,0.981439,1176972.6,8233.1096,1168311.2,8233.1,1176972.6,15.0152,57.9920223,39211.16992,1,14,0.007359,0,17,7,16,43796.487,0,38,seconds since 2000-01-01 00:00:00.000,seconds since 2000-01-01 00:00:00.000,degrees_north,degrees_east,m,m,m,m/m,m/m,m/m,m/m,m/m,m/m,m,m,m^2,m^2,m^2,m^2,m^2,m,m,m,1,m,1
91270800041,772468453.443,772468490.443,2024-06-23T14:34:13Z,67.04917937,-50.4276569,104.4247,0.28506,0.27048,0.00687512706,2.849489e-05,2.833652e-05,0.00682003026,-999999999999.0,0.0063960303,222.924971,2.025904,1870076.7,16994.9356,1860129.7,16994.9,1870076.7,1.8656,54.6865541,21125.06152,2,524298,0.005319,0,17,128,16,43796.487,0,32,seconds since 2000-01-01 00:00:00.000,seconds since 2000-01-01 00:00:00.000,degrees_north,degrees_east,m,m,m,m/m,m/m,m/m,m/m,m/m,m/m,m,m,m^2,m^2,m^2,m^2,m^2,m,m,m,1,m,1
91270800041,773413020.001,773413057.001,2024-07-04T12:57:00Z,67.04917937,-50.4276569,112.5496,0.12319,0.08412,0.00321051879,4.507566e-05,4.497572e-05,0.00288993873,-999999999999.0,0.00057987123,208.946501,1.68602,1752813.9,14143.7108,1746686.9,14143.7,1752813.9,2.5077,159.3655262,-24185.71289,2,524298,0.003496,0,17,434,16,43796.487,0,32,seconds since 2000-01-01 00:00:00.000,seconds since 2000-01-01 00:00:00.000,degrees_north,degrees_east,m,m,m,m/m,m/m,m/m,m/m,m/m,m/m,m,m,m^2,m^2,m^2,m^2,m^2,m,m,m,1,m,1
91270800041,773900066.137,773900103.137,2024-07-10T04:14:26Z,67.04917937,-50.4276569,103.845,0.24865,0.23179,0.0066599374,5.254816e-05,5.246245e-05,0.00646028253,-999999999999.0,0.00307834944,146.099292,0.923983,1225600.2,7751.1227,1224266.4,7751.1,1225600.2,12.7131,80.0468722,38792.0332,2,524302,0.001088,0,18,7,16,43796.487,0,32,seconds since 2000-01-01 00:00:00.000,seconds since 2000-01-01 00:00:00.000,degrees_north,degrees_east,m,m,m,m/m,m/m,m/m,m/m,m/m,m/m,m,m,m^2,m^2,m^2,m^2,m^2,m,m,m,1,m,1
91270800041,774271157.332,774271194.332,2024-07-14T11:19:17Z,67.04917937,-50.4276569,104.6058,0.37412,0.36314,0.00669376433,1.017091e-05,9.71841e-06,0.0063980625,-999999999999.0,0.01000543858,193.470332,1.838589,1622987.2,15423.5871,1616906.9,15423.6,1622987.2,3.0714,64.5444664,21061.92285,2,524298,0.003746,0,18,128,16,43796.487,0,32,seconds since 2000-01-01 00:00:00.000,seconds since 2000-01-01 00:00:00.000,degrees_north,degrees_east,m,m,m,m/m,m/m,m/m,m/m,m/m,m/m,m,m,m^2,m^2,m^2,m^2,m^2,m,m,m,1,m,1
91270800041,775215725.984,775215762.984,2024-07-25T09:42:05Z,67.04917937,-50.4276569,133.5571,0.36892,0.35777,0.00544453587,0.00017631586,0.00017629033,0.00376621473,-999999999999.0,0.01417960751,236.710335,1.745382,1664028.2,12269.6972,1635410.5,12269.7,1664028.2,2.2145,264.4974134,-25416.88281,2,524298,0.017198,0,18,434,16,43796.487,0,29,seconds since 2000-01-01 00:00:00.000,seconds since 2000-01-01 00:00:00.000,degrees_north,degrees_east,m,m,m,m/m,m/m,m/m,m/m,m/m,m/m,m,m,m^2,m^2,m^2,m^2,m^2,m,m,m,1,m,1
91270800041,775702771.029,775702808.029,2024-07-31T00:59:31Z,67.04917937,-50.4276569,104.5945,0.2555,0.23912,0.00972919103,4.582107e-05,4.572275e-05,0.00826481405,-999999999999.0,0.00288917675,128.845293,0.889934,1080859.6,7465.4946,1075388.2,7465.5,1080859.6,13.2757,72.9787533,38718.08789,2,524302,0.005062,0,19,7,16,43796.487,0,32,seconds since 2000-01-01 00:00:00.000,seconds since 2000-01-01 00:00:00.000,degrees_north,degrees_east,m,m,m,m/m,m/m,m/m,m/m,m/m,m/m,m,m,m^2,m^2,m^2,m^2,m^2,m,m,m,1,m,1
91270800041,776073861.507,776073898.507,2024-08-04T08:04:21Z,67.04917937,-50.4276569,102.9188,0.12622,0.0885,0.00672052035,8.80081e-06,8.27371e-06,0.00654703788,-999999999999.0,0.00047094944,153.317008,1.819139,1286148.3,15260.425,1279494.9,15260.4,1286148.3,2.8752,55.4928398,20867.16309,2,524298,0.005173,0,19,128,16,43796.487,0,32,seconds since 2000-01-01 00:00:00.000,seconds since 2000-01-01 00:00:00.000,degrees_north,degrees_east,m,m,m,m/m,m/m,m/m,m/m,m/m,m/m,m,m,m^2,m^2,m^2,m^2,m^2,m,m,m,1,m,1
91270800041,777018430.829,777018467.829,2024-08-15T06:27:10Z,67.04917937,-50.4276569,108.0588,0.41632,0.40647,0.00459312101,5.824105e-05,5.816373e-05,0.00393783182,-999999999999.0,0.01379808741,212.951097,1.536261,1786407.7,12887.412,1783781.0,12887.4,1786407.7,2.1578,111.9237306,-24884.14551,2,524298,0.00147,0,19,434,16,43796.487,0,33,seconds since 2000-01-01 00:00:00.000,seconds since 2000-01-01 00:00:00.000,degrees_north,degrees_east,m,m,m,m/m,m/m,m/m,m/m,m/m,m/m,m,m,m^2,m^2,m^2,m^2,m^2,m,m,m,1,m,1
91270800041,777419043.235,777419080.235,2024-08-19T21:44:03Z,67.04917937,-50.4276569,103.5628,0.86701,0.86232,0.00863369214,0.0002357005,0.0002356814,0.00909388309,-999999999999.0,0.02854991102,93.145361,0.672258,743426.6,5365.5296,727483.8,5365.5,743426.6,31.2705,88.0936299,-52761.35742,2,524298,0.021445,0,19,563,16,43796.487,0,28,seconds since 2000-01-01 00:00:00.000,seconds since 2000-01-01 00:00:00.000,degrees_north,degrees_east,m,m,m,m/m,m/m,m/m,m/m,m/m,m/m,m,m,m^2,m^2,m^2,m^2,m^2,m,m,m,1,m,1
91270800041,778821136.097,778821173.097,2024-09-05T03:12:16Z,67.04917937,-50.4276569,130.7425,0.31699,0.30394,0.01018286042,2.510685e-05,2.492697e-05,0.01222813311,-999999999999.0,0.00290444585,80.16813,1.241028,672515.8,10410.7561,666736.2,10410.8,672515.8,2.8696,135.9923166,-23938.66602,2,524298,0.008594,0,20,434,16,43796.487,0,28,seconds since 2000-01-01 00:00:00.000,seconds since 2000-01-01 00:00:00.000,degrees_north,degrees_east,m,m,m,m/m,m/m,m/m,m/m,m/m,m/m,m,m,m^2,m^2,m^2,m^2,m^2,m,m,m,1,m,1
91270800041,779221749.164,779221786.164,2024-09-09T18:29:09Z,67.04917937,-50.4276569,113.3126,0.8325,0.82763,0.01041610902,0.00026372705,0.00026370999,0.01054637146,-999999999999.0,0.01301030932,46.004553,0.552953,366572.4,4406.0307,356824.5,4406.0,366572.4,23.9611,41.8678277,-52574.30078,2,524302,0.026592,0,20,563,16,43796.487,0,27,seconds since 2000-01-01 00:00:00.000,seconds since 2000-01-01 00:00:00.000,degrees_north,degrees_east,m,m,m,m/m,m/m,m/m,m/m,m/m,m/m,m,m,m^2,m^2,m^2,m^2,m^2,m,m,m,1,m,1
91270800041,779308181.353,779308218.353,2024-09-10T18:29:41Z,67.04917937,-50.4276569,107.7348,0.61684,0.61023,0.01093963967,5.155714e-05,5.146978e-05,0.01014701101,-999999999999.0,0.0107033611,73.29068,0.648972,614822.1,5444.106,607716.7,5444.1,614822.1,11.6496,144.5295965,39097.98047,2,524298,0.011557,0,21,7,16,43796.487,0,28,seconds since 2000-01-01 00:00:00.000,seconds since 2000-01-01 00:00:00.000,degrees_north,degrees_east,m,m,m,m/m,m/m,m/m,m/m,m/m,m/m,m,m,m^2,m^2,m^2,m^2,m^2,m,m,m,1,m,1
91270800041,779679271.674,779679308.674,2024-09-15T01:34:31Z,67.04917937,-50.4276569,112.9941,0.30628,0.29275,0.00849817057,1.084758e-05,1.042449e-05,0.00790875188,-999999999999.0,0.00278763144,78.800472,1.339492,628070.2,10676.2666,623578.5,10676.3,628070.2,1.4888,69.6353037,21223.23047,2,524298,0.007152,1,21,128,16,43796.487,0,28,seconds since 2000-01-01 00:00:00.000,seconds since 2000-01-01 00:00:00.000,degrees_north,degrees_east,m,m,m,m/m,m/m,m/m,m/m,m/m,m/m,m,m,m^2,m^2,m^2,m^2,m^2,m,m,m,1,m,1
91270800041,781024457.024,781024494.024,2024-09-30T15:14:17Z,67.04917937,-50.4276569,114.1035,1.19456,1.19117,0.0124067027,0.0002353231,0.0002353039,0.0117873727,-999999999999.0,0.0564170403,84.90904,0.772187,596517.2,5424.8987,593599.3,5424.9,596517.2,28.8341,72.9126549,-52218.99219,2,524298,0.004892,0,21,563,16,43796.487,0,28,seconds since 2000-01-01 00:00:00.000,seconds since 2000-01-01 00:00:00.000,degrees_north,degrees_east,m,m,m,m/m,m/m,m/m,m/m,m/m,m/m,m,m,m^2,m^2,m^2,m^2,m^2,m,m,m,1,m,1
91270800051,768004906.397,768004943.397,2024-05-02T22:41:46Z,67.06575823,-50.2632605,158.1714,3.13128,3.12999,0.00382492923,0.00039493069,0.00039491929,0.00321594106,-999999999999.0,0.86159779744,208.748577,1.747337,1630068.7,13644.5484,1611274.2,13644.5,1630068.7,7.0146,341.4408927,-31641.76367,2,524298,0.01153,0,14,434,16,51965.399,0,23,seconds since 2000-01-01 00:00:00.000,seconds since 2000-01-01 00:00:00.000,degrees_north,degrees_east,m,m,m,m/m,m/m,m/m,m/m,m/m,m/m,m,m,m^2,m^2,m^2,m^2,m^2,m,m,m,1,m,1
91270800051,768491961.565,768491998.565,2024-05-08T13:59:21Z,67.06575823,-50.2632605,174.3288,2.27459,2.27281,0.00638637451,0.00036117525,0.00036116279,0.00699953992,-999999999999.0,0.14525977226,64.912783,2.134682,492970.6,16211.5297,491703.7,16211.5,492970.6,13.6679,191.8254432,43798.73828,2,526350,0.00257,0,15,7,16,51965.399,0,22,seconds since 2000-01-01 00:00:00.000,seconds since 2000-01-01 00:00:00.000,degrees_north,degrees_east,m,m,m,m/m,m/m,m/m,m/m,m/m,m/m,m,m,m^2,m^2,m^2,m^2,m^2,m,m,m,1,m,1
91270800051,770294666.662,770294703.662,2024-05-29T10:44:26Z,67.06575823,-50.2632605,192.6471,0.54545,0.53797,0.01329633752,0.00012648407,0.00012644849,0.01227977541,-999999999999.0,0.0138865091,116.860721,1.098049,936347.4,8798.1288,926022.4,8798.1,936347.4,14.6005,115.0717363,44232.99414,2,524302,0.011027,0,16,7,16,51965.399,0,24,seconds since 2000-01-01 00:00:00.000,seconds since 2000-01-01 00:00:00.000,degrees_north,degrees_east,m,m,m,m/m,m/m,m/m,m/m,m/m,m/m,m,m,m^2,m^2,m^2,m^2,m^2,m,m,m,1,m,1
91270800051,771523876.925,771523913.925,2024-06-12T16:11:16Z,67.06575823,-50.2632605,189.0964,0.66153,0.65538,0.00324521356,0.00013123731,0.00013120301,0.00234196359,-999999999999.0,0.02003080941,104.747069,0.88244,774011.8,6520.6517,767572.7,6520.7,774011.8,8.2551,148.4441312,59057.66797,2,532494,0.008319,0,16,406,16,51965.399,0,27,seconds since 2000-01-01 00:00:00.000,seconds since 2000-01-01 00:00:00.000,degrees_north,degrees_east,m,m,m,m/m,m/m,m/m,m/m,m/m,m/m,m,m,m^2,m^2,m^2,m^2,m^2,m,m,m,1,m,1
91270800051,771610317.77,771610354.77,2024-06-13T16:11:57Z,67.06575823,-50.2632605,158.543,2.25157,2.24977,0.00312898248,0.00035793431,0.00035792174,0.00292488314,-999999999999.0,0.32520529196,160.135981,1.366482,1313036.0,11204.4769,1280876.0,11204.5,1313036.0,3.7581,309.7168512,-32355.19141,2,524298,0.024493,0,16,434,16,51965.399,0,24,seconds since 2000-01-01 00:00:00.000,seconds since 2000-01-01 00:00:00.000,degrees_north,degrees_east,m,m,m,m/m,m/m,m/m,m/m,m/m,m/m,m,m,m^2,m^2,m^2,m^2,m^2,m,m,m,1,m,1
91270800051,772010930.965,772010967.965,2024-06-18T07:28:50Z,67.06575823,-50.2632605,160.7517,0.24747,0.23052,0.0117345637,2.425312e-05,2.406686e-05,0.01140233475,-999999999999.0,0.00463986954,191.196996,1.443431,1377417.4,10398.7344,1342987.2,10398.7,1377417.4,0.1257,176.7894802,-47728.47656,2,524298,0.024996,0,16,563,16,51965.399,0,27,seconds since 2000-01-01 00:00:00.000,seconds since 2000-01-01 00:00:00.000,degrees_north,degrees_east,m,m,m,m/m,m/m,m/m,m/m,m/m,m/m,m,m,m^2,m^2,m^2,m^2,m^2,m,m,m,1,m,1
91270800051,772097371.85,772097408.85,2024-06-19T07:29:31Z,67.06575823,-50.2632605,131.2197,0.16999,0.14422,0.00387299571,0.0001079943,0.00010795262,0.00323924016,-999999999999.0,0.0022115273,265.018051,1.405587,2173017.2,11525.1223,2157740.5,11525.1,2173017.2,17.5264,171.8589876,44050.91406,2,524302,0.00703,0,17,7,16,51965.399,0,31,seconds since 2000-01-01 00:00:00.000,seconds since 2000-01-01 00:00:00.000,degrees_north,degrees_east,m,m,m,m/m,m/m,m/m,m/m,m/m,m/m,m,m,m^2,m^2,m^2,m^2,m^2,m,m,m,1,m,1
91270800051,772468453.478,772468490.478,2024-06-23T14:34:13Z,67.06575823,-50.2632605,151.4577,2.0728,2.07085,0.00786483789,0.00034819848,0.00034818556,0.00826965991,-999999999999.0,0.31137026325,137.094818,2.033202,851606.9,12629.8642,842782.1,12629.9,851606.9,4.7298,112.0317988,15806.82617,2,524290,0.010363,0,17,128,16,51965.399,0,21,seconds since 2000-01-01 00:00:00.000,seconds since 2000-01-01 00:00:00.000,degrees_north,degrees_east,m,m,m,m/m,m/m,m/m,m/m,m/m,m/m,m,m,m^2,m^2,m^2,m^2,m^2,m,m,m,1,m,1
91270800051,773326579.429,773326616.429,2024-07-03T12:56:19Z,67.06575823,-50.2632605,185.7581,2.35317,2.35145,0.00127601982,0.00043393472,0.00043392435,0.00142851059,-999999999999.0,0.32230369038,119.903383,0.882358,811422.6,5971.1816,806755.2,5971.2,811422.6,9.5974,176.0251666,59712.48828,1,8206,0.005752,0,17,406,16,51965.399,0,25,seconds since 2000-01-01 00:00:00.000,seconds since 2000-01-01 00:00:00.000,degrees_north,degrees_east,m,m,m,m/m,m/m,m/m,m/m,m/m,m/m,m,m,m^2,m^2,m^2,m^2,m^2,m,m,m,1,m,1
91270800051,773413020.036,773413057.036,2024-07-04T12:57:00Z,67.06575823,-50.2632605,128.3604,2.05364,2.05167,0.00194050151,0.00035104524,0.00035103242,0.00196105948,-999999999999.0,0.37306691733,189.335211,1.452298,1330665.8,10206.8864,1305710.5,10206.9,1330665.8,4.5824,141.2345075,-31347.10156,2,524298,0.018754,0,17,434,16,51965.399,0,28,seconds since 2000-01-01 00:00:00.000,seconds since 2000-01-01 00:00:00.000,degrees_north,degrees_east,m,m,m,m/m,m/m,m/m,m/m,m/m,m/m,m,m,m^2,m^2,m^2,m^2,m^2,m,m,m,1,m,1
91270800051,773900074.837,773900111.837,2024-07-10T04:14:34Z,67.06575823,-50.2632605,132.4842,1.21532,1.21198,0.00305726762,0.00030722838,0.00030721373,0.00297738374,-999999999999.0,0.12870163103,218.375426,1.222548,1790570.7,10024.2928,1779827.5,10024.3,1790570.7,20.1199,209.8064091,44240.86719,2,524298,0.006,0,18,7,16,51965.399,0,27,seconds since 2000-01-01 00:00:00.000,seconds since 2000-01-01 00:00:00.000,degrees_north,degrees_east,m,m,m,m/m,m/m,m/m,m/m,m/m,m/m,m,m,m^2,m^2,m^2,m^2,m^2,m,m,m,1,m,1
91270800051,774271157.371,774271194.371,2024-07-14T11:19:17Z,67.06575823,-50.2632605,128.7034,2.20798,2.20614,0.00193651912,0.00035671841,0.00035670579,0.00181732145,-999999999999.0,0.52298806468,216.575981,2.224484,1436066.4,14750.0498,1427145.5,14750.0,1436066.4,4.1334,155.1076706,15419.93652,2,524298,0.006212,0,18,128,16,51965.399,0,24,seconds since 2000-01-01 00:00:00.000,seconds since 2000-01-01 00:00:00.000,degrees_north,degrees_east,m,m,m,m/m,m/m,m/m,m/m,m/m,m/m,m,m,m^2,m^2,m^2,m^2,m^2,m,m,m,1,m,1
91270800051,775129285.252,775129322.252,2024-07-24T09:41:25Z,67.06575823,-50.2632605,186.792,2.52954,2.52794,0.00158138763,0.00037381877,0.00037380673,0.00158331582,-999999999999.0,0.55773713566,201.869783,1.042842,1536119.1,7935.4617,1499940.3,7935.5,1536119.1,7.7853,205.5808184,58844.02344,1,8206,0.023552,0,18,406,16,51965.399,0,26,seconds since 2000-01-01 00:00:00.000,seconds since 2000-01-01 00:00:00.000,degrees_north,degrees_east,m,m,m,m/m,m/m,m/m,m/m,m/m,m/m,m,m,m^2,m^2,m^2,m^2,m^2,m,m,m,1,m,1
91270800051,775215726.016,775215763.016,2024-07-25T09:42:06Z,67.06575823,-50.2632605,157.6258,1.60804,1.60552,0.00266038305,0.00032675323,0.00032673946,0.00264048073,-999999999999.0,0.39774661701,337.420555,1.611876,2427435.9,11595.992,2397499.6,11596.0,2427435.9,5.5585,477.4147278,-31716.44141,2,524298,0.012332,0,18,434,16,51965.399,0,24,seconds since 2000-01-01 00:00:00.000,seconds since 2000-01-01 00:00:00.000,degrees_north,degrees_east,m,m,m,m/m,m/m,m/m,m/m,m/m,m/m,m,m,m^2,m^2,m^2,m^2,m^2,m,m,m,1,m,1
91270800051,776073861.544,776073898.544,2024-08-04T08:04:21Z,67.06575823,-50.2632605,176.9183,0.8095,0.80448,0.02330561404,0.0002328479,0.00023282857,0.01873473471,-999999999999.0,0.0546037579,147.994095,2.143544,854039.2,12369.8876,840980.0,12369.9,854039.2,7.809,114.5427488,15457.91699,2,524298,0.015291,0,19,128,16,51965.399,0,23,seconds since 2000-01-01 00:00:00.000,seconds since 2000-01-01 00:00:00.000,degrees_north,degrees_east,m,m,m,m/m,m/m,m/m,m/m,m/m,m/m,m,m,m^2,m^2,m^2,m^2,m^2,m,m,m,1,m,1
91270800051,776931990.117,776932027.117,2024-08-14T06:26:30Z,67.06575823,-50.2632605,185.9639,3.87133,3.87028,0.00134322332,0.00042107719,0.0004210665,0.00141825464,-999999999999.0,1.14074649427,161.773269,0.96073,1130547.0,6714.0304,1125619.8,6714.0,1130547.0,8.9101,173.1137191,59036.19531,1,8206,0.004358,0,19,406,16,51965.399,0,25,seconds since 2000-01-01 00:00:00.000,seconds since 2000-01-01 00:00:00.000,degrees_north,degrees_east,m,m,m,m/m,m/m,m/m,m/m,m/m,m/m,m,m,m^2,m^2,m^2,m^2,m^2,m,m,m,1,m,1
91270800051,777018430.863,777018467.863,2024-08-15T06:27:10Z,67.06575823,-50.2632605,128.5934,2.61153,2.60998,0.00187971613,0.00037527403,0.00037526203,0.0019675464,-999999999999.0,0.97610750642,311.749182,1.549983,2231338.4,11093.9686,2195570.9,11094.0,2231338.4,9.7168,180.8940492,-31827.2666,2,524298,0.01603,0,19,434,16,51965.399,0,28,seconds since 2000-01-01 00:00:00.000,seconds since 2000-01-01 00:00:00.000,degrees_north,degrees_east,m,m,m,m/m,m/m,m/m,m/m,m/m,m/m,m,m,m^2,m^2,m^2,m^2,m^2,m,m,m,1,m,1
